rmse;hl;T;RS
0.0109538113278452;10;12;15
0.0113371579808267;25;12;15
0.0138169676504301;40;12;15
0.0133679886199023;55;12;15
0.0114119419439279;70;12;15
0.0116097331773934;85;12;15
0.0114544047448404;100;12;15
0.02816943210055158;10;36;15
0.016317624858254418;25;36;15
0.014240623793784254;40;36;15
0.014159383624930199;55;36;15
0.015299737002285586;70;36;15
0.014664176255925624;85;36;15
0.013998749311743183;100;36;15
