rmse;hl;T;RS
0.01234893096362;10;13;15
0.0113167249863735;25;13;15
0.0113813185870962;40;13;15
0.0102271058079326;55;13;15
0.0107344033000206;70;13;15
0.0111369323346268;85;13;15
0.0115410079630239;100;13;15
0.018527688529730538;10;26;15
0.012949336191129597;25;26;15
0.012888412674334439;40;26;15
0.013132094632919327;55;26;15
0.011548427939685382;70;26;15
0.012271788742907543;85;26;15
0.014170365456330238;100;26;15
